ParentAlias,ChildAlias
Lamp5 subset (186),Inh L1 LAMP5 PVRL2 (1)
Lamp5_C2 (152),Inh L1 LAMP5 RAB11FIP1 (2)
Lamp5_C2 subset (187),Inh L1-6 LAMP5 AARD (3)
Lamp5_C2 subset (187),Inh L1-6 LAMP5 NES (4)
Lamp5_C3 (153),Inh L1-6 LAMP5 CA1 (5)
Lamp5_C3 (153),Inh L5-6 LAMP5 CRABP1 (6)
Lamp5_C4 (154),Inh L3-6 PAX6 LINC01497 (7)
Lamp5_C4 (154),Inh L1 PAX6 MIR101-1 (8)
Sncg_C1 (155),Inh L1 PAX6 CHRFAM7A (9)
Sncg_C1 (155),Inh L1-6 VIP SLC7A6OS (10)
Sncg subset (195),Inh L2 PAX6 FREM2 (11)
Sncg_C3 (156),Inh L1-2 VIP HTR3A (12)
Sncg_C3 (156),Inh L1-2 VIP WNT4 (13)
Lamp5_C5 (157),Inh L1 LAMP5 BMP2 (14)
Lamp5_C5 (157),Inh L1 LAMP5 NMBR (15)
Sncg_C4 subset (197),Inh L1 PVALB SST ASIC4 (16)
Sncg_C4 subset (197),Inh L1 SST P4HA3 (17)
Sncg_C4 (158),Inh L1 SST DEFB108B (18)
Vip_C1 (159),Inh L1-3 VIP CBLN1 (19)
Vip_C1 subset (199),Inh L1-2 VIP EXPH5 (20)
Vip_C1 subset (199),Inh L1-3 VIP HSPB6 (21)
Vip_C2 subset (201),Inh L1-2 VIP PTGER3 (22)
Vip_C2 subset (202),Inh L1-2 VIP SCML4 (23)
Vip_C2 subset (202),Inh L1-3 VIP FNDC1 (24)
Vip_C2 subset (203),Inh L1-3 VIP CHRNA2 (25)
Vip_C2 subset (203),Inh L2 VIP SLC6A16 (26)
Vip_C2 subset (206),Inh L1 VIP KLHDC8B (27)
Vip_C2 subset (206),Inh L3-5 VIP IGDCC3 (28)
Vip_C3 subset (207),Inh L1-5 VIP SMOC1 (29)
Vip_C3 subset (208),Inh L3-5 VIP HS3ST3A1 (30)
Vip_C3 subset (208),Inh L5-6 VIP COL4A3 (31)
Vip_C3 subset (209),Inh L1-5 VIP CD27-AS1 (32)
Vip_C3 subset (209),Inh L2-5 VIP BSPRY (33)
Vip_C4 subset (211),Inh L2-5 VIP SOX11 (34)
Vip_C4 subset (211),Inh L3-6 VIP ZIM2-AS1 (35)
Vip_C4 subset (213),Inh L1-5 VIP PHLDB3 (36)
Vip_C4 subset (214),Inh L1-5 VIP LINC01013 (37)
Vip_C4 subset (214),Inh L3-6 VIP UG0898H09 (38)
Vip subset (212),Inh L3-5 VIP TAC3 (39)
MGE (144),Inh L1-6 SST NPY (40)
Sst_C1 (163),Inh L3-5 SST CDH3 (41)
Sst_C1 (163),Inh L5 SST RPL35AP11 (42)
Sst subset (220),Inh L5-6 SST ISX (43)
Sst_C2 (164),Inh L5-6 PVALB SST CRHR2 (44)
Sst subset (223),Inh L3-5 SST OR5AH1P (45)
Sst subset (223),Inh L3-5 SST GGTLC3 (46)
Sst subset (222),Inh L2-3 SST NMU (47)
Sst_C4 (166),Inh L5-6 SST PAWR (48)
Sst_C4 (166),Inh L5-6 SST PIK3CD (49)
Sst_C3 subset (224),Inh L1-2 SST CCNJL (50)
Sst_C3 subset (225),Inh L1-3 SST FAM20A (51)
Sst_C3 subset (225),Inh L1-2 SST PRRT4 (52)
Sst_C5 (167),Inh L5-6 SST BEAN1 (53)
Sst_C5 (167),Inh L5-6 SST DNAJC14 (54)
Sst_C6 (168),Inh L5-6 SST C4orf26 (55)
Sst_C6 subset (228),Inh L5-6 SST FBN2 (56)
Sst_C6 subset (228),Inh L5-6 SST KLHL1 (57)
Sst subset (226),Inh L6 SST TH (58)
Pvalb_C1 subset (231),Inh L5-6 PVALB KCNIP2 (59)
Pvalb_C1 subset (231),Inh L5-6 PVALB ZFPM2-AS1 (60)
Pvalb_C1 subset (232),Inh L3-5 PVALB ISG20 (61)
Pvalb_C1 subset (233),Inh L5 PVALB LRIG3 (62)
Pvalb_C1 subset (235),Inh L2-5 PVALB HHIPL1 (63)
Pvalb_C1 subset (235),Inh L2-5 PVALB RPH3AL (64)
Pvalb_C1 subset (234),Inh L3 PVALB SAMD13 (65)
Pvalb_C1 subset (237),Inh L1-2 PVALB CDK20 (66)
Pvalb_C1 subset (237),Inh L2 PVALB FRZB (67)
Pvalb_C1 subset (236),Inh L1-2 SST CLIC6 (68)
Pvalb_C2 (170),Inh L5-6 PVALB GAPDHP60 (69)
Pvalb_C2 subset (238),Inh L5-6 PVALB FAM150B (70)
Pvalb_C2 subset (238),Inh L5-6 PVALB MEPE (71)
Pvalb (132),Inh L1-6 PVALB COL15A1 (72)
L2/3 IT(i) subset (243),Exc L2 LAMP5 KCNG3 (73)
L2/3 IT(i) subset (243),Exc L2 LINC00507 ATP7B (74)
L2/3 IT(i) subset (245),Exc L2 LINC00507 GLRA3 (75)
L2/3 IT(i) subset (245),Exc L2-3 RORB RTKN2 (76)
L2/3 IT(i) subset (246),Exc L2-3 LINC00507 DSG3 (77)
L2/3 IT(i) subset (246),Exc L3 LAMP5 CARM1P1 (78)
Oligo (140),Oligo L2-6 OPALIN MAP6D1 (79)
L2/3 IT subset (250),Exc L2-3 RORB CCDC68 (80)
L2/3 IT subset (250),Exc L2-3 RORB PTPN3 (81)
L5 IT_C1 subset (252),Exc L3 THEMIS ENPEP (82)
L5 IT_C1 subset (252),Exc L3-5 RORB TNNT2 (83)
L5 IT_C1 subset (253),Exc L3-5 RORB LAMA4 (84)
L5 IT_C1 subset (253),Exc L5 THEMIS VILL (85)
L5 IT_C1 subset (255),Exc L3 RORB OTOGL (86)
L5 IT_C1 subset (255),Exc L3-5 RORB LINC01202 (87)
L5 IT subset (258),Exc L5 THEMIS SLC22A18 (88)
L6 IT_C2 (174),Exc L5-6 THEMIS TNFAIP6 (89)
L5 IT_C2 subset (259),Exc L3-5 RORB LNX2 (90)
L5 IT_C2 subset (259),Exc L3-5 RORB RPRM (91)
L5 IT_C3 (175),Exc L5 RORB MED8 (92)
L5 IT_C3 (175),Exc L5 THEMIS FGF10 (93)
L6 IT_C1 (176),Exc L6 THEMIS LINC00343 (94)
L6 IT_C1 (176),Exc L6 THEMIS SLN (95)
L6 IT_C2 (174),Exc L6 THEMIS SNTG2 (96)
IT projecting (145),Exc L5-6 THEMIS SMYD1 (97)
L6 CT_C1 (177),Exc L5-6 FEZF2 OR1L8 (98)
L6 CT_C1 subset (262),Exc L5 THEMIS LINC01116 (99)
L6 CT_C1 subset (262),Exc L5 THEMIS RGPD6 (100)
L6 CT subset (263),Exc L5-6 FEZF2 C9orf135-AS1 (101)
L6 CT_C1 subset (264),Exc L5-6 FEZF2 FILIP1L (102)
L6 CT_C1 subset (264),Exc L5-6 FEZF2 SH2D1B (103)
L6b (137),Exc L6 FEZF2 PDYN (104)
L6b subset (266),Exc L6 FEZF2 FFAR4 (105)
L6b subset (266),Exc L6 FEZF2 PROKR2 (106)
L6b subset (267),Exc L5-6 FEZF2 CFTR (107)
L6b subset (268),Exc L6 FEZF2 KLK7 (108)
L6b subset (268),Exc L6 FEZF2 POGK (109)
L5 ET_C1 (178),Exc L5 FEZF2 CSN1S1 (110)
L5 ET_C1 (178),Exc L3-5 FEZF2 ASGR2 (111)
L5 ET subset (269),Exc L3-5 FEZF2 LINC01107 (112)
L5/6 NP subset (270),Exc L5 FEZF2 PKD2L1 (113)
L5/6 NP subset (271),Exc L5 FEZF2 NREP-AS1 (114)
L5/6 NP subset (272),Exc L5 FEZF2 RNF144A-AS1 (115)
L5/6 NP subset (272),Exc L5-6 FEZF2 IFNG-AS1 (116)
L5/6 NP (139),Exc L5-6 FEZF2 LPO (117)
Oligo-OPC (147),OPC L1-6 PDGFRA COL20A1 (118)
Oligo subset (274),Oligo L3-6 OPALIN ENPP6 (119)
Oligo_C2 (179),Oligo L2-6 OPALIN FTH1P3 (120)
Oligo_C2 (179),Oligo L5-6 OPALIN LDLRAP1 (121)
Astro_C1 (180),Astro L1-6 FGFR3 AQP1 (122)
Astro_C1 (180),Astro L1 FGFR3 SERPINI2 (123)
Astro subset (275),Astro L1-6 FGFR3 PLCG1 (124)
Non-neural subset (276),Endo L2-5 NOSTRIN SRGN (125)
Non-neural subset (276),VLMC L1-5 PDGFRA COLEC12 (126)
Non-neural (148),Micro L1-6 TYROBP CD74 (127)
CGE/PoA (143),Lamp5 (128)
CGE/PoA subset (190),Sncg (129)
CGE/PoA subset (189),Vip (130)
MGE subset (215),Sst (131)
MGE subset (215),Pvalb (132)
IT projecting (145),L2/3 IT (133)
IT projecting subset (248),L5 IT (134)
IT projecting subset (247),L6 IT (135)
Non-IT projecting subset (260),L6 CT (136)
Non-IT projecting subset (260),L6b (137)
Non-IT projecting (146),L5 ET (138)
Non-IT projecting (146),L5/6 NP (139)
Non-Neuronal (151),Oligo (140)
Non-Neuronal subset (273),Astro (142)
GABAergic (149),CGE/PoA (143)
GABAergic subset (188),MGE (144)
Glutamatergic subset (241),IT projecting (145)
Glutamatergic (150),Non-IT projecting (146)
All cells subset (182),Oligo-OPC (147)
All cells (181),Non-neural (148)
All cells subset (184),GABAergic (149)
All cells subset (184),Glutamatergic (150)
All cells subset (182),Non-Neuronal (151)
Lamp5 subset (186),Lamp5_C2 (152)
Lamp5 subset (185),Lamp5_C3 (153)
CGE/PoA subset (191),Lamp5_C4 (154)
CGE/PoA subset (193),Sncg_C1 (155)
CGE/PoA subset (192),Sncg_C3 (156)
CGE/PoA subset (196),Lamp5_C5 (157)
CGE/PoA subset (196),Sncg_C4 (158)
Vip subset (198),Vip_C1 (159)
Vip (130),Vip_C2 (160)
Vip subset (205),Vip_C3 (161)
Vip subset (210),Vip_C4 (162)
Sst subset (219),Sst_C1 (163)
Sst subset (218),Sst_C2 (164)
Sst subset (216),Sst_C3 (165)
Sst subset (217),Sst_C4 (166)
Sst subset (227),Sst_C5 (167)
Sst subset (227),Sst_C6 (168)
Pvalb subset (229),Pvalb_C1 (169)
Pvalb subset (229),Pvalb_C2 (170)
L2/3 IT subset (242),L2/3 IT(i) (171)
IT projecting subset (248),L5 IT_C1 (172)
L5 IT subset (257),L5 IT_C2 (173)
IT projecting subset (247),L6 IT_C2 (174)
L5 IT subset (256),L5 IT_C3 (175)
L6 IT (135),L6 IT_C1 (176)
L6 CT (136),L6 CT_C1 (177)
L5 ET (138),L5 ET_C1 (178)
Oligo subset (274),Oligo_C2 (179)
Astro (142),Astro_C1 (180)
All cells (181),All cells subset (182)
All cells subset (182),All cells subset (183)
All cells subset (183),All cells subset (184)
Lamp5 (128),Lamp5 subset (185)
Lamp5 subset (185),Lamp5 subset (186)
Lamp5_C2 (152),Lamp5_C2 subset (187)
GABAergic (149),GABAergic subset (188)
CGE/PoA (143),CGE/PoA subset (189)
CGE/PoA subset (189),CGE/PoA subset (190)
CGE/PoA subset (190),CGE/PoA subset (191)
CGE/PoA subset (191),CGE/PoA subset (192)
CGE/PoA subset (192),CGE/PoA subset (193)
CGE/PoA subset (193),CGE/PoA subset (194)
CGE/PoA subset (193),Sncg subset (195)
CGE/PoA subset (190),CGE/PoA subset (196)
Sncg_C4 (158),Sncg_C4 subset (197)
Vip (130),Vip subset (198)
Vip_C1 (159),Vip_C1 subset (199)
Vip_C2 (160),Vip_C2 subset (200)
Vip_C2 subset (200),Vip_C2 subset (201)
Vip_C2 subset (201),Vip_C2 subset (202)
Vip_C2 subset (200),Vip_C2 subset (203)
Vip (130),Vip subset (204)
Vip subset (204),Vip subset (205)
Vip subset (205),Vip_C2 subset (206)
Vip_C3 (161),Vip_C3 subset (207)
Vip_C3 subset (207),Vip_C3 subset (208)
Vip_C3 (161),Vip_C3 subset (209)
Vip subset (204),Vip subset (210)
Vip_C4 (162),Vip_C4 subset (211)
Vip subset (210),Vip subset (212)
Vip subset (212),Vip_C4 subset (213)
Vip_C4 subset (213),Vip_C4 subset (214)
MGE (144),MGE subset (215)
Sst (131),Sst subset (216)
Sst subset (216),Sst subset (217)
Sst subset (217),Sst subset (218)
Sst subset (218),Sst subset (219)
Sst subset (219),Sst subset (220)
Sst subset (218),Sst subset (221)
Sst subset (221),Sst subset (222)
Sst subset (222),Sst subset (223)
Sst_C3 (165),Sst_C3 subset (224)
Sst_C3 subset (224),Sst_C3 subset (225)
Sst (131),Sst subset (226)
Sst subset (226),Sst subset (227)
Sst_C6 (168),Sst_C6 subset (228)
Pvalb (132),Pvalb subset (229)
Pvalb_C1 (169),Pvalb_C1 subset (230)
Pvalb_C1 subset (230),Pvalb_C1 subset (231)
Pvalb_C1 subset (230),Pvalb_C1 subset (232)
Pvalb_C1 subset (232),Pvalb_C1 subset (233)
Pvalb_C1 subset (233),Pvalb_C1 subset (234)
Pvalb_C1 subset (234),Pvalb_C1 subset (235)
Pvalb_C1 (169),Pvalb_C1 subset (236)
Pvalb_C1 subset (236),Pvalb_C1 subset (237)
Pvalb_C2 (170),Pvalb_C2 subset (238)
Glutamatergic (150),Glutamatergic subset (239)
Glutamatergic subset (239),Glutamatergic subset (240)
Glutamatergic subset (240),Glutamatergic subset (241)
L2/3 IT (133),L2/3 IT subset (242)
L2/3 IT(i) (171),L2/3 IT(i) subset (243)
L2/3 IT(i) (171),L2/3 IT(i) subset (244)
L2/3 IT(i) subset (244),L2/3 IT(i) subset (245)
L2/3 IT(i) subset (244),L2/3 IT(i) subset (246)
IT projecting (145),IT projecting subset (247)
IT projecting subset (247),IT projecting subset (248)
L5 IT_C1 (172),L5 IT_C1 subset (249)
L5 IT_C1 subset (249),L2/3 IT subset (250)
L5 IT_C1 subset (249),L5 IT_C1 subset (251)
L5 IT_C1 subset (251),L5 IT_C1 subset (252)
L5 IT_C1 subset (251),L5 IT_C1 subset (253)
L5 IT (134),L5 IT subset (254)
L5 IT_C1 (172),L5 IT_C1 subset (255)
L5 IT subset (254),L5 IT subset (256)
L5 IT subset (256),L5 IT subset (257)
L5 IT subset (257),L5 IT subset (258)
L5 IT_C2 (173),L5 IT_C2 subset (259)
Non-IT projecting (146),Non-IT projecting subset (260)
L6 CT (136),L6 CT subset (261)
L6 CT_C1 (177),L6 CT_C1 subset (262)
L6 CT subset (261),L6 CT subset (263)
L6 CT subset (263),L6 CT_C1 subset (264)
L6b (137),L6b subset (265)
L6b subset (265),L6b subset (266)
L6b subset (265),L6b subset (267)
L6b subset (267),L6b subset (268)
L5 ET (138),L5 ET subset (269)
L5/6 NP (139),L5/6 NP subset (270)
L5/6 NP subset (270),L5/6 NP subset (271)
L5/6 NP subset (271),L5/6 NP subset (272)
Non-Neuronal (151),Non-Neuronal subset (273)
Oligo (140),Oligo subset (274)
Astro (142),Astro subset (275)
Non-neural (148),Non-neural subset (276)
