ParentAlias,ChildAlias
Sst Chodl(i) (119),Inh SST NPY (1)
Lamp5 (95),Inh LAMP5 COL5A2 (2)
Lamp5 (95),Inh LAMP5 TOX2 (3)
Lamp5 (95),Inh LAMP5 TRPC6 (4)
Lamp5_C2 (120),Inh LAMP5 WWP1 (5)
Lamp5_C2 (120),Inh LAMP5 LOC108591196 (6)
Lamp5 (95),Inh PAX6 HMBOX1 (7)
Sncg (96),Inh SNCG PLPPR1 (8)
Sncg_C1 (121),Inh PAX6 ANKRD6 (9)
Sncg_C3 (122),Inh VIP CYP19A1 (10)
Sncg_C3 (122),Inh SNCG CNTN4 (11)
Sncg_C1 (121),Inh PAX6 CDH4 (12)
Sncg_C4 (123),Inh GAD1 PCP4 (13)
Sncg_C4 (123),Inh GAD1 LOC108589948 (14)
Vip_C4 (124),Inh VIP THSD7B (15)
Vip_C2 (125),Inh VIP LOC100397259 (16)
Vip_C2 (125),Inh GAD1 NPSR1 (17)
Vip_C2 (125),Inh SNCG LOC108587895 (18)
Vip_C1 (126),Inh VIP LOC108589153 (19)
Vip_C1 (126),Inh VIP FIGN (20)
Vip_C3 (127),Inh VIP GPR149 (21)
Vip_C3 (127),Inh VIP LOC108588071 (22)
Vip_C3 (127),Inh VIP VAT1L (23)
Vip_C2 (125),Inh VIP CIT (24)
Vip_C4 (124),Inh VIP LOC108588539 (25)
CGE/PoA (111),Inh PAX6 MEIS2 (26)
Sst (98),Inh SST LOC108589054 (27)
Sst (98),Inh SST LOC108588801 (28)
Sst (98),Inh SST LOC103788138 (29)
Sst Chodl(i) (119),Inh SST MPP5 (30)
Sst_C3 (128),Inh SST KIRREL3 (31)
Sst_C3 (128),Inh SST LOC103788660 (32)
Sst_C3 (128),Inh SST CBLN4 (33)
Sst_C3 (128),Inh SST ABI3BP (34)
Sst_C3 (128),Inh SST TMEFF2 (35)
Sst_C3 (128),Inh SST P4HA1 (36)
Sst (98),Inh SST LTBP1 (37)
Sst (98),Inh SST AIM1 (38)
Sst (98),Inh SST VAPA (39)
Sst_C3 (128),Inh SST PCSK5 (40)
Pvalb_C1 (129),Inh PVALB OTOGL (41)
Pvalb_C1 (129),Inh PVALB LOC103790362 (42)
Pvalb_C1 (129),Inh PVALB OSBP2 (43)
Pvalb_C1 (129),Inh PVALB LOC103789439 (44)
Pvalb_C1 (129),Inh PVALB GSTK1 (45)
Pvalb_C1 (129),Inh PVALB C8H7orf62 (46)
Sst_C3 (128),Inh PVALB SST LRRC6 (47)
Pvalb_C1 (129),Inh PVALB ADAMTS3 (48)
Pvalb_C1 (129),Inh PVALB SST EYS (49)
Pvalb_C1 (129),Inh PVALB PCDH19 (50)
Pvalb (99),Inh PVALB KLHL29 (51)
Pvalb (99),Inh PVALB FAM19A4 (52)
L2/3 IT (100),Exc THEMIS ANO3 (53)
L2/3 IT (100),Exc RORB LOC108588466 (54)
L2/3 IT (100),Exc RORB SERPINE2 (55)
L2/3 IT (100),Exc RORB NDST3 (56)
L5 IT_C1 (130),Exc RORB KNL1 (57)
L5 IT_C1 (130),Exc RORB CAV3 (58)
L6 IT (102),Exc THEMIS KCTD16 (59)
L6 IT (102),Exc THEMIS COBL (60)
L5 IT_C1 (130),Exc RORB LOC108593203 (61)
L5 IT_C1 (130),Exc RORB ANKRD27 (62)
L5 IT_C1 (130),Exc RORB ACTA2 (63)
L5 IT_C1 (130),Exc RORB USH1C (64)
L5 IT (101),Exc RORB SLC38A11 (65)
L5 IT_C2 (131),Exc RORB PPA2 (66)
L5 IT_C2 (131),Exc RORB CHGA (67)
L5 IT_C2 (131),Exc RORB HACL1 (68)
Oligo (105),Oligo SLC1A3 LOC103793418 (69)
L5 ET_C1 (132),Exc THEMIS ARL13B (70)
L5 ET_C1 (132),Exc FEZF2 PIEZO2 (71)
L5 ET (103),Exc FEZF2 PDZRN4 (72)
L6 CT (104),Exc FEZF2 RGS4 (73)
L6 CT (104),Exc FEZF2 NRP1 (74)
Non-IT projecting (113),Exc FEZF2 ARSJ (75)
Non-IT projecting (113),Exc THEMIS NTNG2 (76)
Non-IT projecting (113),Exc FEZF2 CRYM (77)
Oligo-OPC (114),OPC PDGFRA VCAN (78)
Astro_C2 (133),Astro FGFR3 EPHB1 (79)
Astro_C2 (133),Astro FGFR3 NWD1 (80)
Astro_C2 (133),Astro FGFR3 RCN2 (81)
Astro (106),Astro FGFR3 GFAP (82)
Oligo (105),Oligo OPALIN LOC103790018 (83)
Oligo (105),Oligo OPALIN MOBP (84)
Endo (107),Endo NOSTRIN IL1R1 (85)
Endo (107),Endo NOSTRIN CXCL12 (86)
Endo (107),Glia SLC1A3 FBLN5 (87)
Peri (108),Peri SLC1A3 CHST3 (88)
Peri (108),Peri SLC1A3 EPSTI1 (89)
VLMC(i) (134),VLMC PDGFRA C7 (90)
VLMC(i) (134),VLMC SLC1A3 CEMIP (91)
VLMC(i) (134),VLMC SLC1A3 SLC13A3 (92)
VLMC (109),VLMC SLC1A3 SLC47A1 (93)
Other NN (115),Micro TYROBP LOC103788313 (94)
CGE/PoA (111),Lamp5 (95)
CGE/PoA (111),Sncg (96)
CGE/PoA (111),Vip (97)
MGE (110),Sst (98)
MGE (110),Pvalb (99)
IT projecting (112),L2/3 IT (100)
IT projecting (112),L5 IT (101)
IT projecting (112),L6 IT (102)
Non-IT projecting (113),L5 ET (103)
Non-IT projecting (113),L6 CT (104)
Oligo-OPC (114),Oligo (105)
Non-Neuronal (118),Astro (106)
Other NN (115),Endo (107)
Other NN (115),Peri (108)
Other NN (115),VLMC (109)
GABAergic (116),MGE (110)
GABAergic (116),CGE/PoA (111)
Glutamatergic (117),IT projecting (112)
Glutamatergic (117),Non-IT projecting (113)
Oligo-OPC subset (136),Oligo-OPC (114)
All cells (135),Other NN (115)
All cells (135),GABAergic (116)
All cells (135),Glutamatergic (117)
All cells (135),Non-Neuronal (118)
MGE (110),Sst Chodl(i) (119)
Lamp5 (95),Lamp5_C2 (120)
Sncg (96),Sncg_C1 (121)
Sncg (96),Sncg_C3 (122)
Sncg (96),Sncg_C4 (123)
Vip (97),Vip_C4 (124)
Vip (97),Vip_C2 (125)
Vip (97),Vip_C1 (126)
Vip (97),Vip_C3 (127)
Sst (98),Sst_C3 (128)
Pvalb (99),Pvalb_C1 (129)
L5 IT (101),L5 IT_C1 (130)
L5 IT (101),L5 IT_C2 (131)
L5 ET (103),L5 ET_C1 (132)
Astro (106),Astro_C2 (133)
VLMC (109),VLMC(i) (134)
Oligo-OPC (114),Oligo-OPC subset (136)
Oligo-OPC (114),Oligo-OPC subset (137)
Oligo-OPC (114),Oligo-OPC subset (138)
Oligo-OPC (114),Oligo-OPC subset (139)
Oligo-OPC (114),Oligo-OPC subset (140)
Oligo-OPC (114),Oligo-OPC subset (141)
Oligo-OPC (114),Oligo-OPC subset (142)
Oligo-OPC (114),Oligo-OPC subset (143)
Oligo-OPC (114),Oligo-OPC subset (144)
Oligo-OPC (114),Oligo-OPC subset (145)
Oligo-OPC (114),Oligo-OPC subset (146)
Oligo-OPC (114),Oligo-OPC subset (147)
Oligo-OPC (114),Oligo-OPC subset (148)
Oligo-OPC (114),Oligo-OPC subset (149)
Oligo-OPC (114),Oligo-OPC subset (150)
Oligo-OPC (114),Oligo-OPC subset (151)
Oligo-OPC (114),Oligo-OPC subset (152)
Oligo-OPC (114),Oligo-OPC subset (153)
Oligo-OPC (114),Oligo-OPC subset (154)
Oligo-OPC (114),Oligo-OPC subset (155)
Oligo-OPC (114),Oligo-OPC subset (156)
Oligo-OPC (114),Oligo-OPC subset (157)
Oligo-OPC (114),Oligo-OPC subset (158)
Oligo-OPC (114),Oligo-OPC subset (159)
Oligo-OPC (114),Oligo-OPC subset (160)
Oligo-OPC (114),Oligo-OPC subset (161)
Oligo-OPC (114),Oligo-OPC subset (162)
Oligo-OPC (114),Oligo-OPC subset (163)
Oligo-OPC (114),Oligo-OPC subset (164)
Oligo-OPC (114),Oligo-OPC subset (165)
Oligo-OPC (114),Oligo-OPC subset (166)
Oligo-OPC (114),Oligo-OPC subset (167)
Oligo-OPC (114),Oligo-OPC subset (168)
Oligo-OPC (114),Oligo-OPC subset (169)
Oligo-OPC (114),Oligo-OPC subset (170)
Oligo-OPC (114),Oligo-OPC subset (171)
Oligo-OPC (114),Oligo-OPC subset (172)
Oligo-OPC (114),Oligo-OPC subset (173)
Oligo-OPC (114),Oligo-OPC subset (174)
Oligo-OPC (114),Oligo-OPC subset (175)
Oligo-OPC (114),Oligo-OPC subset (176)
Oligo-OPC (114),Oligo-OPC subset (177)
Oligo-OPC (114),Oligo-OPC subset (178)
Oligo-OPC (114),Oligo-OPC subset (179)
Oligo-OPC (114),Oligo-OPC subset (180)
Oligo-OPC (114),Oligo-OPC subset (181)
Oligo-OPC (114),Oligo-OPC subset (182)
Oligo-OPC (114),Oligo-OPC subset (183)
Oligo-OPC (114),Oligo-OPC subset (184)
Oligo-OPC (114),Oligo-OPC subset (185)
Oligo-OPC (114),Oligo-OPC subset (186)
Oligo-OPC (114),Oligo-OPC subset (187)
Oligo-OPC (114),Oligo-OPC subset (188)
Oligo-OPC (114),Oligo-OPC subset (189)
Oligo-OPC (114),Oligo-OPC subset (190)
Oligo-OPC (114),Oligo-OPC subset (191)
Oligo-OPC (114),Oligo-OPC subset (192)
Oligo-OPC (114),Oligo-OPC subset (193)
Oligo-OPC (114),Oligo-OPC subset (194)
Oligo-OPC (114),Oligo-OPC subset (195)
Oligo-OPC (114),Oligo-OPC subset (196)
Oligo-OPC (114),Oligo-OPC subset (197)
Oligo-OPC (114),Oligo-OPC subset (198)
Oligo-OPC (114),Oligo-OPC subset (199)
Oligo-OPC (114),Oligo-OPC subset (200)
Oligo-OPC (114),Oligo-OPC subset (201)
Oligo-OPC (114),Oligo-OPC subset (202)
Oligo-OPC (114),Oligo-OPC subset (203)
Oligo-OPC (114),Oligo-OPC subset (204)
Oligo-OPC (114),Oligo-OPC subset (205)
Oligo-OPC (114),Oligo-OPC subset (206)
Oligo-OPC (114),Oligo-OPC subset (207)
Oligo-OPC (114),Oligo-OPC subset (208)
Oligo-OPC (114),Oligo-OPC subset (209)
