ParentAlias,ChildAlias
Lamp5 subset (126),Lamp5 Pax6 (1)
Lamp5 subset (127),Lamp5 Egln3_1 (2)
Lamp5_C5 (128),Lamp5 Egln3_2 (3)
Lamp5_C5 (128),Lamp5 Egln3_3 (4)
Neurogliaform cell subset (131),Lamp5 Pdlim5_1 (5)
Neurogliaform cell subset (131),Lamp5 Pdlim5_2 (6)
Lamp5_C2 (238),Lamp5 Slc35d3 (7)
Lamp5 subset (129),Lamp5 Lhx6 (8)
Sncg_C2 (134),Sncg Col14a1 (9)
Sncg_C2 (134),Sncg Slc17a8 (10)
Sncg_C3 subset (136),Sncg Calb1_1 (11)
Sncg_C3 subset (136),Sncg Calb1_2 (12)
Sncg subset (137),Sncg Npy2r (13)
Sncg subset (137),Vip Sncg (14)
L5/6 CCK cell subset (140),Vip Serpinf1_1 (15)
L5/6 CCK cell subset (140),Vip Serpinf1_2 (16)
L5/6 CCK cell (139),Vip Serpinf1_3 (17)
L5 VIP cell (143),Vip Htr1f (18)
L5 VIP cell subset (144),Vip Gpc3 (19)
L5 VIP cell subset (144),Vip C1ql1 (20)
Vip_C2 (242),Vip Mybpc1_2 (21)
L2/3 Bipolar VIP cell subset (147),Vip Mybpc1_1 (22)
L2/3 Bipolar VIP cell subset (147),Vip Chat_1 (23)
Vip_C1 subset (148),Vip Mybpc1_3 (24)
Vip_C1 subset (148),Vip Chat_2 (25)
Vip_C4 (149),Vip Igfbp6_1 (26)
Vip_C4 (149),Vip Igfbp6_2 (27)
Sst (232),Sst Chodl (28)
Sst_C2 subset (155),Sst Penk (29)
Sst_C2 subset (155),Sst Myh8_1 (30)
Sst_C1 subset (157),Sst Myh8_2 (31)
Sst_C1 subset (157),Sst Myh8_3 (32)
Sst_C1 (156),Sst Htr1a (33)
L5 T Martinotti cell (159),Sst Etv1 (34)
L5 T Martinotti cell (159),Sst Pvalb Etv1 (35)
L5 non-Martinotti cell (161),Sst Crhr2_1 (36)
L5 non-Martinotti cell (161),Sst Crhr2_2 (37)
Sst_C3 subset (163),Sst Hpse (38)
L2/3/5 fan Martinotti cell (164),Sst Calb2 (39)
L2/3/5 fan Martinotti cell (164),Sst Pappa (40)
Sst_C3 subset (162),Sst Pvalb Calb2 (41)
L5/6 non-Martinotti cell subset (166),Sst C1ql3_1 (42)
L5/6 non-Martinotti cell subset (166),Sst C1ql3_2 (43)
Sst_C6 subset (167),Sst Tac2 (44)
Sst_C6 subset (167),Sst Th_1 (45)
L6 Th+ SST/PV cell (170),Sst Th_2 (46)
L6 Th+ SST/PV cell (170),Sst Th_3 (47)
Pvalb_C2 (248),Pvalb Gabrg1 (48)
Pvalb_C2 (248),Pvalb Egfem1 (49)
Lower FS Basket cell (257),Pvalb Gpr149 (50)
Lower FS Basket cell subset (175),Pvalb Kank4 (51)
Lower FS Basket cell subset (176),Pvalb Calb1_1 (52)
Lower FS Basket cell subset (176),Pvalb Calb1_2 (53)
Upper FS Basket cell (177),Pvalb Reln (54)
Upper FS Basket cell (177),Pvalb Il1rapl2 (55)
Chandelier (178),Pvalb Vipr2_1 (56)
Chandelier (178),Pvalb Vipr2_2 (57)
L2/3 IT subset (184),L2/3 IT_1 (58)
L2/3 IT subset (184),L2/3 IT_2 (59)
L2/3 IT (183),L2/3 IT_3 (60)
L4 (188),L4/5 IT_1 (61)
L4 (188),L4/5 IT_2 (62)
L5 IT_C2 (190),L5 IT_1 (63)
L5 IT_C2 (190),L5 IT_2 (64)
L5 IT subset (191),L5 IT_3 (65)
L5 IT subset (191),L5 IT_4 (66)
L6 IT (192),L6 IT_1 (67)
L6 IT (192),L6 IT_2 (68)
IT projecting subset (185),L6 IT Car3 (69)
L5 ET_C1 (251),L5 ET_1 (70)
L5 ET (Non-MY-projecting) subset (195),L5 ET_2 (71)
L5 ET (Non-MY-projecting) subset (195),L5 ET_3 (72)
L5 ET (Non-MY-projecting) (194),L5 ET_4 (73)
L6 CT (197),L5/6 NP CT (74)
L6 CT subset (199),L6 CT Gpr139 (75)
L6 CT subset (200),L6 CT Cpa6 (76)
L6 CT_C1 subset (201),L6 CT Grp (77)
L6 CT_C1 subset (201),L6 CT Pou3f2 (78)
L6 CT_C1 subset (202),L6 CT Kit_1 (79)
L6 CT_C1 subset (202),L6 CT Kit_2 (80)
L6b subset (204),L6b Col6a1 (81)
L6b subset (206),L6b Shisa6_1 (82)
L6b subset (206),L6b Shisa6_2 (83)
L6b subset (205),L6b Ror1 (84)
L6b (203),L6b Kcnip1 (85)
L5/6 NP subset (208),L5/6 NP_1 (86)
L5/6 NP subset (208),L5/6 NP_2 (87)
L5/6 NP (207),L5/6 NP_3 (88)
Meis2 (209),Meis2 (89)
Meis2 (209),Meis2_Top2a (90)
Oligo-OPC (236),OPC Pdgfra (91)
Astro (210),Astro_Top2a (92)
Astro_C1 (211),Astro Aqp4_Gfap (93)
Astro_C1 (211),Astro Aqp4_Slc7a10 (94)
Oligo subset (214),Oligo Enpp6_1 (95)
Oligo subset (214),Oligo Enpp6_2 (96)
Oligo subset (215),Oligo Enpp6_3 (97)
Oligo subset (215),Oligo Enpp6_4 (98)
Oligo subset (217),Oligo Opalin_1 (99)
Oligo subset (217),Oligo Opalin_2 (100)
Oligo subset (218),Oligo Opalin_3 (101)
Oligo subset (218),Oligo Opalin_4 (102)
Non-neural subset (220),Endo (103)
VLMC(i) subset (224),VLMC_1 (104)
VLMC(i) subset (224),VLMC_2 (105)
VLMC(i) subset (225),VLMC_3 (106)
VLMC(i) subset (225),VLMC_4 (107)
VLMC subset (227),VLMC_5 (108)
VLMC subset (227),VLMC_6 (109)
VLMC subset (226),VLMC_7 (110)
Oligo_C2 subset (228),SMC (111)
Oligo_C2 subset (228),Peri (112)
Micro-PVM subset (230),Micro (113)
PVM subset (231),PVM_1 (114)
PVM subset (231),PVM_2 (115)
PVM (237),PVM_3 (116)
All cells (117),All cells subset (118)
All cells subset (118),All cells subset (119)
All cells subset (119),All cells subset (120)
All cells subset (120),All cells subset (121)
All cells subset (121),All cells subset (122)
All cells subset (121),GABAergic (123)
GABAergic (123),CGE/PoA (124)
CGE/PoA (124),Lamp5 (125)
Lamp5 (125),Lamp5 subset (126)
Lamp5 subset (126),Lamp5 subset (127)
Lamp5 subset (127),Lamp5_C5 (128)
Lamp5 (125),Lamp5 subset (129)
Lamp5 subset (129),Neurogliaform cell (130)
Neurogliaform cell (130),Neurogliaform cell subset (131)
CGE/PoA (124),CGE/PoA subset (132)
CGE/PoA subset (132),Sncg (133)
Large CCK basket cell (255),Sncg_C2 (134)
Sncg (133),Sncg subset (135)
Sncg_C3 (239),Sncg_C3 subset (136)
Sncg subset (135),Sncg subset (137)
CGE/PoA subset (132),Vip (138)
Vip (138),L5/6 CCK cell (139)
L5/6 CCK cell (139),L5/6 CCK cell subset (140)
Vip (138),Vip subset (141)
Vip subset (141),Vip subset (142)
Vip subset (142),L5 VIP cell (143)
L5 VIP cell (143),L5 VIP cell subset (144)
Vip subset (142),L2/3 Bipolar VIP cell (145)
L2/3 Bipolar VIP cell (145),L2/3 Bipolar VIP cell subset (146)
L2/3 Bipolar VIP cell subset (146),L2/3 Bipolar VIP cell subset (147)
Vip_C1 (243),Vip_C1 subset (148)
Vip subset (141),Vip_C4 (149)
GABAergic (123),MGE (150)
MGE (150),MGE subset (151)
Sst (232),Sst subset (152)
Sst subset (152),Sst subset (153)
Sst subset (153),Sst subset (154)
Sst_C2 (244),Sst_C2 subset (155)
Sst subset (154),Sst_C1 (156)
Sst_C1 (156),Sst_C1 subset (157)
Sst subset (153),Sst subset (158)
Sst subset (158),L5 T Martinotti cell (159)
Sst subset (158),Sst subset (160)
Sst subset (160),L5 non-Martinotti cell (161)
Sst subset (160),Sst_C3 subset (162)
Sst_C3 subset (162),Sst_C3 subset (163)
Sst_C3 subset (163),L2/3/5 fan Martinotti cell (164)
Sst subset (152),L5/6 non-Martinotti cell (165)
L5/6 non-Martinotti cell (165),L5/6 non-Martinotti cell subset (166)
Sst_C6 (246),Sst_C6 subset (167)
MGE subset (151),MGE subset (168)
MGE subset (168),MGE subset (169)
MGE subset (169),L6 Th+ SST/PV cell (170)
Pvalb (233),Pvalb subset (171)
Pvalb subset (171),Pvalb subset (172)
Pvalb subset (172),Pvalb_C1 subset (173)
Pvalb_C1 subset (173),Pvalb_C1 subset (174)
Pvalb_C1 subset (174),Lower FS Basket cell subset (175)
Lower FS Basket cell subset (175),Lower FS Basket cell subset (176)
Pvalb_C1 subset (174),Upper FS Basket cell (177)
Pvalb subset (171),Chandelier (178)
All cells subset (122),Glutamatergic (179)
Glutamatergic (179),Glutamatergic subset (180)
Glutamatergic subset (180),Glutamatergic subset (181)
Glutamatergic subset (181),IT projecting (182)
IT projecting (182),L2/3 IT (183)
L2/3 IT (183),L2/3 IT subset (184)
IT projecting (182),IT projecting subset (185)
IT projecting subset (185),IT projecting subset (186)
IT projecting subset (186),IT projecting subset (187)
L5 IT_C1 (249),L4 (188)
IT projecting subset (187),L5 IT (189)
L5 IT (189),L5 IT_C2 (190)
L5 IT (189),L5 IT subset (191)
IT projecting subset (186),L6 IT (192)
Glutamatergic subset (181),L5 ET (193)
L5 ET (193),L5 ET (Non-MY-projecting) (194)
L5 ET (Non-MY-projecting) (194),L5 ET (Non-MY-projecting) subset (195)
Non-IT projecting (234),Non-IT projecting subset (196)
Non-IT projecting subset (196),L6 CT (197)
L6 CT (197),L6 CT subset (198)
L6 CT subset (198),L6 CT subset (199)
L6 CT subset (199),L6 CT subset (200)
L6 CT subset (200),L6 CT_C1 subset (201)
L6 CT subset (198),L6 CT_C1 subset (202)
Non-IT projecting subset (196),L6b (203)
L6b (203),L6b subset (204)
L6b subset (204),L6b subset (205)
L6b subset (205),L6b subset (206)
Non-IT projecting (234),L5/6 NP (207)
L5/6 NP (207),L5/6 NP subset (208)
CGE/PoA (124),Meis2 (209)
Non-Neuronal (235),Astro (210)
Astro (210),Astro_C1 (211)
Oligo-OPC (236),Oligo (212)
Oligo (212),Oligo subset (213)
Oligo subset (213),Oligo subset (214)
Oligo subset (213),Oligo subset (215)
Oligo (212),Oligo subset (216)
Oligo subset (216),Oligo subset (217)
Oligo subset (216),Oligo subset (218)
All cells (117),Non-neural (219)
Non-neural (219),Non-neural subset (220)
Non-neural subset (220),Non-neural subset (221)
Non-neural subset (221),VLMC (222)
VLMC(i) (254),VLMC(i) subset (223)
VLMC(i) subset (223),VLMC(i) subset (224)
VLMC(i) subset (223),VLMC(i) subset (225)
VLMC (222),VLMC subset (226)
VLMC subset (226),VLMC subset (227)
Oligo_C2 (253),Oligo_C2 subset (228)
Non-neural (219),Micro-PVM (229)
Micro-PVM (229),Micro-PVM subset (230)
Micro-PVM subset (230),PVM subset (231)
MGE (150),Sst (232)
MGE subset (168),Pvalb (233)
Glutamatergic (179),Non-IT projecting (234)
All cells subset (118),Non-Neuronal (235)
Non-Neuronal (235),Oligo-OPC (236)
Micro-PVM (229),PVM (237)
Neurogliaform cell (130),Lamp5_C2 (238)
Sncg subset (135),Sncg_C3 (239)
CGE/PoA subset (132),Sncg_C1 (240)
Vip (138),Vip_C3 (241)
Vip (138),Vip_C2 (242)
L2/3 Bipolar VIP cell subset (146),Vip_C1 (243)
Sst subset (153),Sst_C2 (244)
Sst subset (158),Sst_C3 (245)
L5/6 non-Martinotti cell (165),Sst_C6 (246)
MGE subset (168),Pvalb_C1 (247)
Pvalb (233),Pvalb_C2 (248)
IT projecting subset (187),L5 IT_C1 (249)
IT projecting subset (186),L6 IT_C2 (250)
L5 ET (193),L5 ET_C1 (251)
Non-IT projecting subset (196),L6 CT_C1 (252)
All cells (117),Oligo_C2 (253)
VLMC (222),VLMC(i) (254)
Sncg (133),Large CCK basket cell (255)
Sst subset (154),L5 T Martinotti cell (256)
Pvalb subset (172),Lower FS Basket cell (257)
